length_um,excess_loss_db,insertion_loss_upper_db,insertion_loss_lower_db,power_imbalance_db,phase_error_deg,return_loss_db,forward_power,reflected_power,even_amplitude_abs,odd_amplitude_abs,even_power,odd_power,even_phase_deg,odd_phase_deg,supermode_phase_difference_deg,length_over_lpi
50.0,1.6316657633586793,2.908672774417445,7.570445266367422,4.661772491949977,12.15845757699543,36.87045892718009,0.6868049611953081,0.00020556733576207912,0.5295037121520216,0.6375192389352161,0.28037418118277097,0.4064307800125372,41.560669160489724,101.62897700308834,60.06830784259861,0.5
52.5,1.906681497862566,2.480824104300069,10.978236011124158,8.49741190682409,6.097345049725797,39.56889408873295,0.6446616719572243,0.00011043598043315938,0.5475177789734927,0.5872699155117329,0.29977571829206645,0.3448859536651579,-27.49499001238087,13.551409957871316,41.04639997025218,0.525
55.00000000000001,2.429068511550744,2.6892302782232864,14.78390842780584,12.094678149582554,13.391544746881035,37.72825921098187,0.5716012223511173,0.0001687229184445158,0.5628331966951713,0.5047970038035211,0.31678120730210535,0.2548200150490121,-101.80552592331512,-74.54677637239458,27.258749550920545,0.55
57.49999999999999,3.403639990807118,3.5693230461805476,17.671280319972297,14.10195727379175,50.38836173006972,35.788214050729756,0.4567052467440999,0.00026374157473707955,0.5432654213643626,0.4019551326875941,0.2951373180501985,0.16156792869390138,-174.71801060266841,-160.05618423629124,14.661826366377172,0.575
60.0,4.074322016997005,4.428700839189336,15.133472134626212,10.704771295436874,87.38617375143671,34.33634117978321,0.39135221688342126,0.000368439243590361,0.5483945318087848,0.3010243418158152,0.3007365625177763,0.09061565436564475,117.12043363992338,118.78531695928297,1.6648833193595858,0.6
62.5,3.598819147757481,4.541837262303769,10.69444243979504,6.152605177491271,85.42143897679838,31.04588443827932,0.436634537589748,0.0007859801104393519,0.625156587417552,0.21404153521732353,0.3908207587915593,0.045813778798188744,46.26485500494296,40.33914572456568,-5.925709280377284,0.625
65.0,2.9298291698534222,4.676443655617383,7.729779925518519,3.053336269901137,86.6128140697003,27.805249266790465,0.5093509060293773,0.0016575821958630414,0.7028286891158634,0.12402717357520682,0.49396816624432294,0.015382739785054481,-33.194515442251436,-23.84394609801809,9.350569344233348,0.65
67.5,3.149548400390572,5.597191191520315,6.806406064886087,1.2092148733657728,75.34543492897006,27.389215461460505,0.4842227166973926,0.0018242252127746515,0.6885454476020463,0.10063738512049339,0.4740948334135023,0.010127883283890504,-115.359001504595,-54.26033695286535,61.09866455172964,0.675
70.0,3.973104017803657,6.927700028645933,7.039831689518657,0.11213166087272271,59.11150712913678,26.70270301823939,0.4005803099200954,0.00213663185097796,0.6100478998665101,0.16858786963644842,0.37215844013153954,0.02842186978855613,167.7763352533758,-103.66421215290008,88.55945259372413,0.7
72.5,4.18205418494802,7.033028575530425,7.35774806679583,0.32471949126540645,40.953155729112545,29.54646286554905,0.381763656376256,0.0011100785565543137,0.5620554892470959,0.2566267394163432,0.31590637299279234,0.06585728338346371,97.52864405914538,-175.30584687870584,87.1655090621488,0.725
75.0,3.3838482996144275,5.609837698453497,7.352019773902596,1.7421820754490993,24.789482819330786,30.586948842973413,0.4587912959869833,0.0008735848941656293,0.5689244854961036,0.3675815906570638,0.32367507019700625,0.13511622578997723,26.637394791755604,104.09786520230871,77.46047041055311,0.75
77.5,2.5616071897546333,4.1129076142255645,7.785077372117644,3.6721697578920782,11.040349623768329,31.800540686882638,0.5544205010836465,0.0006606111982762435,0.5708600785943599,0.4780578121429328,0.3258812293327588,0.22853927175088762,-48.0834224469161,17.99004547932606,66.07346792624216,0.775
80.0,2.2653152208722562,3.1387602277701365,9.660208236247664,6.5214480084775275,3.4760493095002096,36.116093003773884,0.5935652643027787,0.00024456296986028836,0.5318751311526088,0.5573814754404509,0.28289115513860474,0.310674109164174,-120.68225354087544,-70.20088131803453,50.48137222284092,0.8
82.5,1.7901130218004702,2.098979509573133,13.42376625795141,11.324786748378276,16.343068330135985,37.65518489572149,0.6621992702505471,0.00017158586579199607,0.5329011468884066,0.6149923884858806,0.28398363235497914,0.3782156378955682,173.08951318806433,-157.552265552025,29.358221259910685,0.825
85.00000000000001,0.943750208221821,1.0094294233631356,19.18011199846091,18.170682575097775,13.113392412006128,48.47897811744826,0.8046832831217029,1.4193914611699144e-05,0.6165577610017857,0.651567195667621,0.38014347265153514,0.4245398104701679,101.32781282097471,115.04914944663075,13.721336625656019,0.8500000000000001
87.5,0.4592658478600528,0.4723479428770525,25.676875374966297,25.204527432089243,0.40065137703399956,48.82765016092875,0.8996496497512328,1.3098904743114722e-05,0.6704329442589722,0.6709465828242059,0.44948033274775406,0.45016931700347906,21.21787748429501,27.505400184619287,6.287522700324277,0.875
90.0,0.7384883079704656,0.7393273835013335,37.87874038824341,37.139413004742075,89.6177525030544,39.19328793055196,0.8436283567823258,0.00012041239842599335,0.6403826026273003,0.6584363895127691,0.41008987774771477,0.43353847903461096,-59.72794548008915,-59.71731666888772,0.010628811201429146,0.9
92.5,1.4396834573971404,1.4889618024862843,20.91558129984516,19.426619497358878,37.4780623835791,40.12377164481209,0.7178466107834259,9.719028049509346e-05,0.5592773999087133,0.6364396285075085,0.3127912100486508,0.40505540073477536,-135.4125303030689,-145.14438095666108,-9.731850653592177,0.925
95.0,1.9201565022727656,2.2129128597761665,13.778492200155114,11.56557934037895,20.588487412259976,36.611984453016724,0.642664557852563,0.0002181732769196251,0.515309391633153,0.6141016110931747,0.2655437691053303,0.3771207887472328,156.4686958402008,128.47932616293684,-27.989369677263966,0.95
97.50000000000001,2.144234923282879,2.813668877094002,10.595418983966551,7.781750106872549,5.508366672105213,31.30248194764221,0.6103465691367665,0.0007408867112671631,0.5335468219798776,0.5706788570570488,0.28467221124482717,0.32567435789193955,85.6243619487083,41.342712627961944,-44.28164932074636,0.9750000000000001
100.0,2.841081577080909,4.0069648691205355,9.122282261940036,5.115317392819501,2.6731873221218385,28.96707047876543,0.5198665116451286,0.0012685072453294199,0.5198270968658201,0.4996461758176301,0.2702202106359467,0.24964630100918214,11.249403983351446,-46.77654125334382,-58.025945236695264,1.0
102.49999999999999,3.9958176141361115,6.021855794744452,8.280892567225898,2.2590367724814477,10.124327359608769,28.54888542939382,0.39849074434268905,0.0013967267701361953,0.48282253056305996,0.40666097467469403,0.23311759601931697,0.16537314832337213,-57.499422226822404,-132.54035435460264,-75.04093212778024,1.025
105.0,4.379319381016048,7.723961106621539,7.079187162525173,-0.6447739440963665,28.884423230924128,27.205200666458936,0.36481111502822816,0.0019031802987951065,0.5198781841858697,0.3074699800563156,0.2702733263923971,0.09453778863583111,-123.04783481480548,142.10183051777352,-94.85033466742102,1.05
107.50000000000001,3.876883393144878,7.464877923082472,6.37738938871617,-1.0874885343663028,55.8511801140619,27.434212897917597,0.40955446091963155,0.0018054219166477013,0.6106779897545045,0.19138143522564838,0.3729276071706027,0.03662685374902905,163.40455149043285,60.79932441079313,-102.60522707963972,1.0750000000000002
110.00000000000001,3.5012997428336847,6.181767142182499,6.868556036512842,0.6867888943303442,75.54096154650122,28.27009551547889,0.4465499300957151,0.0014893283221779378,0.662422760532391,0.0880114562108906,0.43880391367135346,0.0077460164243615135,82.67177933783546,10.260577401686403,-72.41120193614906,1.1
112.5,3.98840055103113,5.677089262774318,8.907767189459294,3.2306779266849754,86.16322798540341,29.266892720517205,0.39917188500494294,0.0011838882982656805,0.6210487221434843,0.11606192195930697,0.38570151527605473,0.01347036972888826,2.011113183057776,-7.9607853572200575,-9.971898540277834,1.125
114.99999999999999,4.630675800451717,5.453901658299206,12.25844182236756,6.804540164068355,86.57826921991656,30.878521845870473,0.34429635105109524,0.0008168603486504105,0.5495887571134458,0.20554451854912914,0.3020478019455021,0.042248549105593294,-70.7388225895222,-74.68130261969878,-3.9424800301765894,1.15
117.5,4.207348653605527,4.645493790645007,14.38624274159296,9.740748950947953,73.37951783894465,32.24542719872502,0.3795466256019252,0.0005962896622358642,0.5448809867953097,0.2874914534919164,0.29689528977103047,0.08265133583089473,-139.4902640770655,-151.26863933896956,-11.7783752619041,1.175
120.00000000000001,3.3083742726468053,3.590857810226054,15.316762167987925,11.725904357761872,47.47424951327388,35.04268076459082,0.4668341011468523,0.00031313522414140767,0.5630195420106545,0.3870957200240857,0.31699100468588715,0.14984309646096536,147.3718265960227,126.78044446806292,-20.591382127959776,1.2000000000000002
122.50000000000001,2.8480629513503466,3.201503930020506,13.918259108443733,10.716755178423227,16.3453888003004,40.922786488129816,0.5190314867375107,8.085769395557934e-05,0.5465564946380995,0.46936924154275783,0.29872400183108694,0.22030748490642374,73.26146500916191,41.85350762628315,-31.407957382878767,1.225
125.0,2.4335669324664537,3.2071519812851723,10.307381975570014,7.100229994284842,3.0773999246509276,38.64939251336514,0.5710094645039774,0.00013647740264188292,0.5236195647518187,0.544822921611319,0.27417744859088405,0.2968320159130934,4.087995792770123,-43.51938701606659,-47.60738280883671,1.25
127.49999999999999,1.5024082788907225,3.050869369636505,6.732499199008965,3.6816298293724596,3.9179168760352407,42.20346195976865,0.7075533183658389,6.0207944968873646e-05,0.5758680499555432,0.6131307425062285,0.3316240109596,0.37592930740623903,-63.258313578464154,-129.61967469257974,-66.3613611141156,1.275
130.0,0.4546907950507003,2.639734171669446,4.484744975339982,1.8450108036705357,0.4847564429783152,47.84366690627705,0.9005978803990842,1.642983906332719e-05,0.6738132759446724,0.6682615876734146,0.4540243308392913,0.4465735495597928,-139.43278721705087,142.64759642298742,-77.91961635996171,1.3
132.50000000000003,0.12723086077863174,2.763935917481171,3.5463144076086732,0.7823784901275024,0.9877237333591243,51.84607632328362,0.971128979068326,6.537208965809073e-06,0.7027808299863983,0.6908169685755807,0.49390089499637096,0.4772280840719549,138.54773872177094,53.70243329694836,-84.8453054248226,1.3250000000000002
135.0,0.5947214110348011,3.865878621124611,3.3589485711480367,-0.5069300499765743,2.2935848290845353,47.88519642121594,0.8720228375603565,1.6273477128546435e-05,0.6469868263588735,0.6733727675503589,0.4185919534819271,0.4534308840784297,59.07706039264196,-34.267640029393284,-93.34470042203526,1.35
137.5,1.2011971452097505,5.718470638559249,3.094873512468974,-2.623597126090274,5.735107995045504,40.17721320966315,0.7583684997598612,9.600164593747513e-05,0.5856259528402352,0.6445236559815536,0.3429577566400334,0.41541074311982806,-13.89033414841008,-121.02013048957562,-107.12979634116554,1.375
140.0,1.5997867172622193,8.129920301503388,2.6918005945860672,-5.438119706917321,2.8775438750472735,46.203604039983865,0.6918649476865463,2.3968430472089755e-05,0.5757519973403001,0.6003120732129259,0.331490362441345,0.36037458524520133,-84.31002125232303,151.92164231381275,-123.76833643386425,1.4
142.5,2.0386112186741623,10.445377305726192,2.715492128992771,-7.729885176733421,7.102776050812403,37.871829641373466,0.6253726416658001,0.0001632364103531827,0.5829751628378003,0.5343337919129207,0.33986004048575974,0.28551260118004046,-158.55582752850472,65.87766151564261,-135.56651095585266,1.425
145.00000000000003,2.9195494781409073,13.337543946428166,3.3330697775100724,-10.004474168918094,16.7964268458895,37.94987393318602,0.510557960720023,0.0001603291930303228,0.5455960164897987,0.461392400794038,0.2976750132095367,0.21288294751048617,126.69342580259504,-19.392652540346024,-146.08607834294105,1.4500000000000002
147.5,3.867008110295722,17.533873577765338,4.057819099744079,-13.47605447802126,43.55471350499522,33.92391674280796,0.4104867932633764,0.00040514298702012963,0.5124555257133753,0.38454665182420283,0.2626106658341718,0.14787612742920467,59.43620578025848,-102.73455639945334,-162.17076217971183,1.475
150.0,3.7592762465848875,14.390270036758189,4.152081390598189,-10.238188646159998,89.29397647216375,32.416562554242645,0.42079674848058535,0.0005732495791632564,0.573290090464446,0.30353784056662964,0.3286615278247327,0.09213522065585267,-8.054663905284162,171.465482874403,179.52014677968714,1.5
152.5,3.332863705822609,9.646948045517705,4.4886706933480855,-5.1582773521696215,87.16282781867216,29.406553650042156,0.46420907823510005,0.001146422325622133,0.6544454465830633,0.18949996222109097,0.4282988425533051,0.035910235681794904,-85.23978281693653,90.26355149288257,175.5033343098191,1.525
155.0,3.4855647493152055,7.685393798258487,5.563079594868274,-2.1223142033902134,84.3611650026545,28.67149769108615,0.4481707668266651,0.0013578451046463806,0.6637704883280849,0.08706035637051399,0.44059126117530434,0.007579505651360895,-166.53939320508937,35.17105855496294,-158.2895482399477,1.55
157.5,4.298974859909823,7.304739851976026,7.313814521548018,0.009074669571991682,69.60855467023305,26.786132926586962,0.3716229393099411,0.0020959779396149195,0.5999823222703637,0.10790807325220172,0.35997878703693864,0.011644152273002533,114.97899807844301,25.15079673534195,-89.82820134310107,1.575
160.0,4.765906149204469,7.451712599595567,8.126916993008695,0.6752043934131281,46.732883730924314,27.54068095817191,0.3337408633486818,0.0017616997965448345,0.5366690213163455,0.21383925015777097,0.28801363844064415,0.04572722490803775,43.90403700372442,-39.61885893137367,-83.52289593509809,1.6
162.5,4.037759414378809,7.400623395997403,6.721980185535369,-0.678643210462035,28.17322748285143,27.29407519075832,0.3946608605872029,0.0018646291998120667,0.5387152798467022,0.32318215892417745,0.29021415274031065,0.10444670784689229,-25.72546370057089,-120.79562418326314,-95.07016048269224,1.625
165.0,3.2671218590362745,7.715634576143948,5.198845593741063,-2.516788982402886,12.960564286239551,28.0472687614972,0.4712895542655704,0.001567736695501351,0.5351183956281814,0.4300440174283227,0.2863516973396789,0.18493785692589154,-100.69722115027278,152.5242621405048,-106.77851670922243,1.65
167.5,3.1544304585443133,9.447763805130888,4.316584415748454,-5.131179389382433,0.8352765159793721,30.27783654829358,0.4836786906209735,0.0009380291727572931,0.4887235381884108,0.4948009638648398,0.23885069677939902,0.2448279938415745,-172.31044406737036,65.65203615996086,-122.03751977266879,1.675
170.00000000000003,2.6693586453032103,12.447634645702992,3.1522831106528306,-9.29535153505016,12.91297988621581,36.081035416617304,0.5408341860221182,0.0002465451470277842,0.48304223226939375,0.5545307817121781,0.23332979815579893,0.3075043878663193,123.26726572537727,-19.582605503243947,-142.84987122862123,1.7000000000000002
172.5,1.642031782957708,16.586699259373038,1.783404969810283,-14.803294289562757,12.081864482854538,37.43942245485298,0.6851676058569345,0.00018032575305490005,0.5633227820228852,0.6064940635413766,0.317332556746003,0.36783504911093134,54.602070670113406,-105.1984807280549,-159.80055139816832,1.725
175.0,0.74691636321985,20.437921570845084,0.7938004961131098,-19.644121074731974,2.761717357244636,42.57009371310106,0.8419927726174846,5.533381690236803e-05,0.6456122467243799,0.6520564388892907,0.4168151731205016,0.42517759949698325,-23.70755994824109,168.1745154841745,-168.11792456758442,1.75
177.5,0.6248863448309472,25.54724542676693,0.6388902257463156,-24.908355201020616,21.259825982293165,47.26014815350601,0.8659869860033924,1.879252707624387e-05,0.6443646852260714,0.6714023670176463,0.41520584756649404,0.45078113843689827,-105.30098733779253,80.76502777101082,-173.93398489119664,1.775
180.0,1.047731715517202,22.309129804989105,1.0803359263650851,-21.228793878624018,62.505474559538165,39.242209595555785,0.7856458638663466,0.00011906360842414557,0.5768690305198657,0.6729546682306448,0.33277787837292977,0.45286798549341717,178.49170536318354,-6.1255335688772385,175.38276106793924,1.8
182.50000000000003,1.3267944756968588,14.566387470200958,1.537819291330785,-13.028568178870174,25.772705455322697,41.525854300385504,0.7367506919881129,7.037437809277737e-05,0.5479832633212012,0.6606550046037342,0.3002856568801529,0.43646503510796003,108.79267226902014,-94.13275213358071,157.0745755973992,1.8250000000000002
185.0,1.5887556597144805,11.001625894317709,2.116750398166956,-8.884875496150752,7.449038094512684,38.45433619969376,0.6936245148020073,0.00014274679957924067,0.5640756896044781,0.6127341439802747,0.3181813836027675,0.37544313119924,36.48947010844793,177.17585852685215,140.6863884184042,1.85
187.5,2.273842696376769,9.431476912891334,3.2019546669740606,-6.229522245917273,3.213907468001276,33.14139838872475,0.5924009282556515,0.00048513226683385486,0.5561408334035456,0.532079225000245,0.30929262657879025,0.2831083016768613,-38.374266066910664,89.63390749239997,128.00817355931065,1.875
190.0,3.3193064726602146,8.584302106631423,4.852900217260095,-3.7314018893713286,9.884902691215842,32.55461206088804,0.4656604491690674,0.0005553142190584711,0.519014117983332,0.4430403982743012,0.26937565466601604,0.19628479450305142,-109.71244171588624,4.496440298327941,114.2088820142142,1.9
192.5,3.9185806557457603,7.405722630573845,6.499253090649692,-0.9064695399241529,22.86242315094464,28.00886366532677,0.40564108382156905,0.0015816618281025978,0.5302764806776925,0.35277179289400373,0.2811931459599192,0.12444793786164986,-175.12048971863118,-78.64714218695799,96.47334753167321,1.925
195.00000000000003,3.3412864211758246,6.139132161651729,6.5749707111466815,0.4358385494949517,45.115138373494915,27.938971307508748,0.4633096627213512,0.0016073219265558365,0.6289530693157711,0.2602454597483347,0.3955819634017292,0.0677276993196221,113.24548792568798,-160.82339082523615,85.93112124907589,1.9500000000000002
197.5,2.9108329227567653,6.087806856794619,5.760619816805352,-0.32718703998926646,63.88135765916737,27.2235733318944,0.5115837107433536,0.001895145972246799,0.6966351409142781,0.16212091532771977,0.48530051955665615,0.026283191186697683,32.64654308604966,127.53834783937114,94.89180475332147,1.975
200.0,3.328731593012363,7.186496503445695,5.630244018832197,-1.5562524846134973,75.63879423284797,28.99569198227873,0.46465096206529344,0.001260174832182296,0.6736662918290072,0.10404176718341794,0.45382627274664505,0.010824689318648542,-48.28738831929276,77.70098140183008,125.98836972112282,2.0
